-- phpMyAdmin SQL Dump
-- version 4.7.9
-- https://www.phpmyadmin.net/
--
-- Host: 127.0.0.1
-- Generation Time: Aug 01, 2018 at 07:52 PM
-- Server version: 10.1.31-MariaDB
-- PHP Version: 7.2.3

SET SQL_MODE = "NO_AUTO_VALUE_ON_ZERO";
SET AUTOCOMMIT = 0;
START TRANSACTION;
SET time_zone = "+00:00";


/*!40101 SET @OLD_CHARACTER_SET_CLIENT=@@CHARACTER_SET_CLIENT */;
/*!40101 SET @OLD_CHARACTER_SET_RESULTS=@@CHARACTER_SET_RESULTS */;
/*!40101 SET @OLD_COLLATION_CONNECTION=@@COLLATION_CONNECTION */;
/*!40101 SET NAMES utf8mb4 */;

--
-- Database: `dbdus`
--

-- --------------------------------------------------------

--
-- Table structure for table `admins`
--

CREATE TABLE `admins` (
  `id` int(11) NOT NULL,
  `username` varchar(255) NOT NULL,
  `email` varchar(255) NOT NULL,
  `mobile` varchar(255) NOT NULL,
  `password` varchar(255) NOT NULL,
  `fullname` varchar(255) NOT NULL,
  `branch` varchar(255) NOT NULL
) ENGINE=MyISAM DEFAULT CHARSET=latin1;

--
-- Dumping data for table `admins`
--

INSERT INTO `admins` (`id`, `username`, `email`, `mobile`, `password`, `fullname`, `branch`) VALUES
(1, 'admin', 'admin@bus.com.bd', '017', '21232f297a57a5a743894a0e4a801fc3', 'admin admin', 'Dhaka');

-- --------------------------------------------------------

--
-- Table structure for table `bus_info`
--

CREATE TABLE `bus_info` (
  `id` int(11) NOT NULL,
  `busid` int(28) NOT NULL,
  `route` int(28) NOT NULL,
  `time` varchar(255) NOT NULL,
  `date` varchar(255) NOT NULL,
  `seat` varchar(255) NOT NULL,
  `stat` varchar(255) NOT NULL DEFAULT '1',
  `tms` varchar(255) NOT NULL,
  `exp` varchar(255) NOT NULL DEFAULT '0'
) ENGINE=MyISAM DEFAULT CHARSET=latin1;

--
-- Dumping data for table `bus_info`
--

INSERT INTO `bus_info` (`id`, `busid`, `route`, `time`, `date`, `seat`, `stat`, `tms`, `exp`) VALUES
(1, 0, 3, '11:45 PM', '01/05/2016', '40', '1', '1452037500', '1'),
(2, 0, 3, '11:45 PM', '01/06/2016', '40', '1', '1452123900', '0'),
(3, 0, 3, '11:45 PM', '01/07/2016', '40', '1', '1452210300', '0'),
(4, 0, 3, '11:45 PM', '01/08/2016', '40', '1', '1452296700', '0'),
(5, 0, 1, '06:00 AM', '01/05/2016', '40', '1', '1451973600', '1'),
(6, 0, 1, '06:00 AM', '01/06/2016', '40', '1', '1452060000', '1'),
(7, 0, 1, '06:00 AM', '01/07/2016', '40', '1', '1452146400', '0'),
(8, 0, 1, '06:00 AM', '01/08/2016', '40', '1', '1452232800', '0'),
(9, 0, 1, '06:00 AM', '01/09/2016', '40', '1', '1452319200', '0'),
(10, 0, 1, '11:30 PM', '01/06/2016', '40', '1', '1452123000', '0'),
(11, 0, 1, '11:30 PM', '01/07/2016', '40', '1', '1452209400', '0'),
(12, 0, 1, '11:30 PM', '01/08/2016', '40', '1', '1452295800', '0'),
(13, 0, 1, '11:30 PM', '01/09/2016', '40', '1', '1452382200', '0'),
(14, 0, 3, '11:30 PM', '01/06/2016', '40', '1', '1452123000', '0'),
(15, 0, 3, '11:30 PM', '01/07/2016', '40', '1', '1452209400', '0'),
(16, 0, 3, '11:30 PM', '01/08/2016', '40', '1', '1452295800', '0'),
(17, 0, 3, '11:30 PM', '01/09/2016', '40', '1', '1452382200', '0'),
(18, 0, 2, '11:30 PM', '01/06/2016', '40', '1', '1452123000', '0'),
(19, 0, 2, '11:30 PM', '01/07/2016', '40', '1', '1452209400', '0'),
(20, 0, 2, '11:30 PM', '01/08/2016', '40', '1', '1452295800', '0'),
(21, 0, 2, '11:30 PM', '01/09/2016', '40', '1', '1452382200', '0');

-- --------------------------------------------------------

--
-- Table structure for table `bus_route`
--

CREATE TABLE `bus_route` (
  `id` int(11) NOT NULL,
  `routename` varchar(255) NOT NULL
) ENGINE=MyISAM DEFAULT CHARSET=latin1;

--
-- Dumping data for table `bus_route`
--

INSERT INTO `bus_route` (`id`, `routename`) VALUES
(1, 'Nairobi to Kisumu'),
(2, 'Nairobi to Mombasa'),
(3, 'Nairobi to Eldoret');

-- --------------------------------------------------------

--
-- Table structure for table `bus_sch`
--

CREATE TABLE `bus_sch` (
  `id` int(11) NOT NULL,
  `route` int(28) NOT NULL,
  `time` varchar(255) NOT NULL,
  `seat` varchar(255) NOT NULL
) ENGINE=MyISAM DEFAULT CHARSET=latin1;

--
-- Dumping data for table `bus_sch`
--

INSERT INTO `bus_sch` (`id`, `route`, `time`, `seat`) VALUES
(3, 1, '11:30 PM', '40'),
(2, 1, '06:00 AM', '40'),
(4, 3, '11:30 PM', '40'),
(5, 2, '11:30 PM', '40');

-- --------------------------------------------------------

--
-- Table structure for table `general_setting`
--

CREATE TABLE `general_setting` (
  `id` int(11) NOT NULL,
  `sitename` varchar(255) NOT NULL,
  `email` varchar(255) NOT NULL,
  `mobile` varchar(255) NOT NULL,
  `tvcode` varchar(2555) NOT NULL,
  `radiocode` varchar(2555) NOT NULL
) ENGINE=MyISAM DEFAULT CHARSET=latin1;

--
-- Dumping data for table `general_setting`
--

INSERT INTO `general_setting` (`id`, `sitename`, `email`, `mobile`, `tvcode`, `radiocode`) VALUES
(1, 'Transline Bus Ticket Reservation System | Transline Bus Ticket Booking', 'admin@rexbd.net', '0726339138', '0', '<audio id=\"TSK\" src=\"http://172.245.211.51:9988/;\" type=\"audio/mp3\" controls=\"controls\" autoplay=\"true\"></audio>');

-- --------------------------------------------------------

--
-- Table structure for table `menus`
--

CREATE TABLE `menus` (
  `id` int(11) NOT NULL,
  `title` varchar(255) NOT NULL,
  `btext` blob NOT NULL
) ENGINE=MyISAM DEFAULT CHARSET=latin1;

--
-- Dumping data for table `menus`
--

INSERT INTO `menus` (`id`, `title`, `btext`) VALUES
(1, 'HOME', 0x3c7370616e3e5765206861766520646576656c6f70656420427573205469636b6574205265736572766174696f6e2053797374656d266e6273703b7573696e6720504850266e6273703b616e64204d7953514c2e205468697320697320746865206f6e6c696e652070726f6a65637420776f726b7320696e2074686520776562736974652e20496e20746869732070726f6a6563742050617373656e67657220626f6f6b7320746865207469636b657420616e642068652070617973207468726f756768206f6e6c696e652e266e6273703b546869732070726f6a6563742070726f7669646573206275732064657461696c732c20726f75746520696e666f726d6174696f6e2c2073656174732064657461696c732c2062696c6c696e672064657461696c732c207469636b657420696e666f726d6174696f6e2c20736561742063616e63656c6c6174696f6e2c206574633c62723e3c2f7370616e3e3c62723e3c7370616e3e5765206861766520646576656c6f70656420427573205469636b6574205265736572766174696f6e2053797374656d266e6273703b7573696e6720504850266e6273703b616e64204d7953514c2e205468697320697320746865206f6e6c696e652070726f6a65637420776f726b7320696e2074686520776562736974652e20496e20746869732070726f6a6563742050617373656e67657220626f6f6b7320746865207469636b657420616e642068652070617973207468726f756768206f6e6c696e652e266e6273703b546869732070726f6a6563742070726f7669646573206275732064657461696c732c20726f75746520696e666f726d6174696f6e2c2073656174732064657461696c732c2062696c6c696e672064657461696c732c207469636b657420696e666f726d6174696f6e2c20736561742063616e63656c6c6174696f6e2c206574633c62723e3c2f7370616e3e3c62723e5765206861766520646576656c6f70656420427573205469636b6574205265736572766174696f6e2053797374656d266e6273703b7573696e6720504850266e6273703b616e64204d7953514c2e205468697320697320746865206f6e6c696e652070726f6a65637420776f726b7320696e2074686520776562736974652e20496e20746869732070726f6a6563742050617373656e67657220626f6f6b7320746865207469636b657420616e642068652070617973207468726f756768206f6e6c696e652e266e6273703b546869732070726f6a6563742070726f7669646573206275732064657461696c732c20726f75746520696e666f726d6174696f6e2c2073656174732064657461696c732c2062696c6c696e672064657461696c732c207469636b657420696e666f726d6174696f6e2c20736561742063616e63656c6c6174696f6e2c206574633c62723e3c62723e),
(2, 'About Us', 0x3c7370616e3e5765206861766520646576656c6f70656420427573205469636b6574205265736572766174696f6e2053797374656d266e6273703b7573696e6720504850266e6273703b616e64204d7953514c2e205468697320697320746865206f6e6c696e652070726f6a65637420776f726b7320696e2074686520776562736974652e20496e20746869732070726f6a6563742050617373656e67657220626f6f6b7320746865207469636b657420616e642068652070617973207468726f756768206f6e6c696e652e266e6273703b546869732070726f6a6563742070726f7669646573206275732064657461696c732c20726f75746520696e666f726d6174696f6e2c2073656174732064657461696c732c2062696c6c696e672064657461696c732c207469636b657420696e666f726d6174696f6e2c20736561742063616e63656c6c6174696f6e2c206574633c62723e3c2f7370616e3e3c62723e3c7370616e3e5765206861766520646576656c6f70656420427573205469636b6574205265736572766174696f6e2053797374656d266e6273703b7573696e6720504850266e6273703b616e64204d7953514c2e205468697320697320746865206f6e6c696e652070726f6a65637420776f726b7320696e2074686520776562736974652e20496e20746869732070726f6a6563742050617373656e67657220626f6f6b7320746865207469636b657420616e642068652070617973207468726f756768206f6e6c696e652e266e6273703b546869732070726f6a6563742070726f7669646573206275732064657461696c732c20726f75746520696e666f726d6174696f6e2c2073656174732064657461696c732c2062696c6c696e672064657461696c732c207469636b657420696e666f726d6174696f6e2c20736561742063616e63656c6c6174696f6e2c206574633c62723e3c2f7370616e3e3c62723e5765206861766520646576656c6f70656420427573205469636b6574205265736572766174696f6e2053797374656d266e6273703b7573696e6720504850266e6273703b616e64204d7953514c2e205468697320697320746865206f6e6c696e652070726f6a65637420776f726b7320696e2074686520776562736974652e20496e20746869732070726f6a6563742050617373656e67657220626f6f6b7320746865207469636b657420616e642068652070617973207468726f756768206f6e6c696e652e266e6273703b546869732070726f6a6563742070726f7669646573206275732064657461696c732c20726f75746520696e666f726d6174696f6e2c2073656174732064657461696c732c2062696c6c696e672064657461696c732c207469636b657420696e666f726d6174696f6e2c20736561742063616e63656c6c6174696f6e2c206574633c62723e),
(4, 'Your Menu', 0x3c7370616e3e5765206861766520646576656c6f70656420427573205469636b6574205265736572766174696f6e2053797374656d266e6273703b7573696e6720504850266e6273703b616e64204d7953514c2e205468697320697320746865206f6e6c696e652070726f6a65637420776f726b7320696e2074686520776562736974652e20496e20746869732070726f6a6563742050617373656e67657220626f6f6b7320746865207469636b657420616e642068652070617973207468726f756768206f6e6c696e652e266e6273703b546869732070726f6a6563742070726f7669646573206275732064657461696c732c20726f75746520696e666f726d6174696f6e2c2073656174732064657461696c732c2062696c6c696e672064657461696c732c207469636b657420696e666f726d6174696f6e2c20736561742063616e63656c6c6174696f6e2c206574633c62723e3c2f7370616e3e3c62723e3c7370616e3e5765206861766520646576656c6f70656420427573205469636b6574205265736572766174696f6e2053797374656d266e6273703b7573696e6720504850266e6273703b616e64204d7953514c2e205468697320697320746865206f6e6c696e652070726f6a65637420776f726b7320696e2074686520776562736974652e20496e20746869732070726f6a6563742050617373656e67657220626f6f6b7320746865207469636b657420616e642068652070617973207468726f756768206f6e6c696e652e266e6273703b546869732070726f6a6563742070726f7669646573206275732064657461696c732c20726f75746520696e666f726d6174696f6e2c2073656174732064657461696c732c2062696c6c696e672064657461696c732c207469636b657420696e666f726d6174696f6e2c20736561742063616e63656c6c6174696f6e2c206574633c62723e3c2f7370616e3e3c62723e5765206861766520646576656c6f70656420427573205469636b6574205265736572766174696f6e2053797374656d266e6273703b7573696e6720504850266e6273703b616e64204d7953514c2e205468697320697320746865206f6e6c696e652070726f6a65637420776f726b7320696e2074686520776562736974652e20496e20746869732070726f6a6563742050617373656e67657220626f6f6b7320746865207469636b657420616e642068652070617973207468726f756768206f6e6c696e652e266e6273703b546869732070726f6a6563742070726f7669646573206275732064657461696c732c20726f75746520696e666f726d6174696f6e2c2073656174732064657461696c732c2062696c6c696e672064657461696c732c207469636b657420696e666f726d6174696f6e2c20736561742063616e63656c6c6174696f6e2c206574633c62723e),
(5, 'Your Page', 0x3c7370616e3e5765206861766520646576656c6f70656420427573205469636b6574205265736572766174696f6e2053797374656d266e6273703b7573696e6720504850266e6273703b616e64204d7953514c2e205468697320697320746865206f6e6c696e652070726f6a65637420776f726b7320696e2074686520776562736974652e20496e20746869732070726f6a6563742050617373656e67657220626f6f6b7320746865207469636b657420616e642068652070617973207468726f756768206f6e6c696e652e266e6273703b546869732070726f6a6563742070726f7669646573206275732064657461696c732c20726f75746520696e666f726d6174696f6e2c2073656174732064657461696c732c2062696c6c696e672064657461696c732c207469636b657420696e666f726d6174696f6e2c20736561742063616e63656c6c6174696f6e2c206574633c62723e3c2f7370616e3e3c62723e3c7370616e3e5765206861766520646576656c6f70656420427573205469636b6574205265736572766174696f6e2053797374656d266e6273703b7573696e6720504850266e6273703b616e64204d7953514c2e205468697320697320746865206f6e6c696e652070726f6a65637420776f726b7320696e2074686520776562736974652e20496e20746869732070726f6a6563742050617373656e67657220626f6f6b7320746865207469636b657420616e642068652070617973207468726f756768206f6e6c696e652e266e6273703b546869732070726f6a6563742070726f7669646573206275732064657461696c732c20726f75746520696e666f726d6174696f6e2c2073656174732064657461696c732c2062696c6c696e672064657461696c732c207469636b657420696e666f726d6174696f6e2c20736561742063616e63656c6c6174696f6e2c206574633c62723e3c2f7370616e3e3c62723e5765206861766520646576656c6f70656420427573205469636b6574205265736572766174696f6e2053797374656d266e6273703b7573696e6720504850266e6273703b616e64204d7953514c2e205468697320697320746865206f6e6c696e652070726f6a65637420776f726b7320696e2074686520776562736974652e20496e20746869732070726f6a6563742050617373656e67657220626f6f6b7320746865207469636b657420616e642068652070617973207468726f756768206f6e6c696e652e266e6273703b546869732070726f6a6563742070726f7669646573206275732064657461696c732c20726f75746520696e666f726d6174696f6e2c2073656174732064657461696c732c2062696c6c696e672064657461696c732c207469636b657420696e666f726d6174696f6e2c20736561742063616e63656c6c6174696f6e2c206574633c62723e),
(7, 'Contact', 0x3c7370616e3e5765206861766520646576656c6f70656420427573205469636b6574205265736572766174696f6e2053797374656d266e6273703b7573696e6720504850266e6273703b616e64204d7953514c2e205468697320697320746865206f6e6c696e652070726f6a65637420776f726b7320696e2074686520776562736974652e20496e20746869732070726f6a6563742050617373656e67657220626f6f6b7320746865207469636b657420616e642068652070617973207468726f756768206f6e6c696e652e266e6273703b546869732070726f6a6563742070726f7669646573206275732064657461696c732c20726f75746520696e666f726d6174696f6e2c2073656174732064657461696c732c2062696c6c696e672064657461696c732c207469636b657420696e666f726d6174696f6e2c20736561742063616e63656c6c6174696f6e2c206574633c62723e3c2f7370616e3e3c62723e3c7370616e3e5765206861766520646576656c6f70656420427573205469636b6574205265736572766174696f6e2053797374656d266e6273703b7573696e6720504850266e6273703b616e64204d7953514c2e205468697320697320746865206f6e6c696e652070726f6a65637420776f726b7320696e2074686520776562736974652e20496e20746869732070726f6a6563742050617373656e67657220626f6f6b7320746865207469636b657420616e642068652070617973207468726f756768206f6e6c696e652e266e6273703b546869732070726f6a6563742070726f7669646573206275732064657461696c732c20726f75746520696e666f726d6174696f6e2c2073656174732064657461696c732c2062696c6c696e672064657461696c732c207469636b657420696e666f726d6174696f6e2c20736561742063616e63656c6c6174696f6e2c206574633c62723e3c2f7370616e3e3c62723e5765206861766520646576656c6f70656420427573205469636b6574205265736572766174696f6e2053797374656d266e6273703b7573696e6720504850266e6273703b616e64204d7953514c2e205468697320697320746865206f6e6c696e652070726f6a65637420776f726b7320696e2074686520776562736974652e20496e20746869732070726f6a6563742050617373656e67657220626f6f6b7320746865207469636b657420616e642068652070617973207468726f756768206f6e6c696e652e266e6273703b546869732070726f6a6563742070726f7669646573206275732064657461696c732c20726f75746520696e666f726d6174696f6e2c2073656174732064657461696c732c2062696c6c696e672064657461696c732c207469636b657420696e666f726d6174696f6e2c20736561742063616e63656c6c6174696f6e2c206574633c62723e);

-- --------------------------------------------------------

--
-- Table structure for table `seat_details`
--

CREATE TABLE `seat_details` (
  `id` int(11) NOT NULL,
  `busid` int(28) NOT NULL,
  `seatid` int(2) NOT NULL,
  `uid` int(255) NOT NULL,
  `pname` varchar(255) NOT NULL,
  `pmobile` varchar(20) NOT NULL,
  `start` varchar(255) NOT NULL,
  `depart` varchar(255) NOT NULL,
  `trxid` varchar(255) NOT NULL,
  `status` int(1) NOT NULL,
  `note` varchar(255) NOT NULL
) ENGINE=MyISAM DEFAULT CHARSET=latin1;

--
-- Dumping data for table `seat_details`
--

INSERT INTO `seat_details` (`id`, `busid`, `seatid`, `uid`, `pname`, `pmobile`, `start`, `depart`, `trxid`, `status`, `note`) VALUES
(1, 1, 1, 0, '', '', '', '', '', 0, ''),
(2, 1, 2, 0, '', '', '', '', '', 0, ''),
(3, 1, 3, 0, '', '', '', '', '', 0, ''),
(4, 1, 4, 0, '', '', '', '', '', 0, ''),
(5, 1, 5, 0, '', '', '', '', '', 0, ''),
(6, 1, 6, 0, '', '', '', '', '', 0, ''),
(7, 1, 7, 0, '', '', '', '', '', 0, ''),
(8, 1, 8, 0, '', '', '', '', '', 0, ''),
(9, 1, 9, 0, '', '', '', '', '', 0, ''),
(10, 1, 10, 0, '', '', '', '', '', 0, ''),
(11, 1, 11, 0, '', '', '', '', '', 0, ''),
(12, 1, 12, 0, '', '', '', '', '', 0, ''),
(13, 1, 13, 0, '', '', '', '', '', 0, ''),
(14, 1, 14, 0, '', '', '', '', '', 0, ''),
(15, 1, 15, 0, '', '', '', '', '', 0, ''),
(16, 1, 16, 0, '', '', '', '', '', 0, ''),
(17, 1, 17, 0, '', '', '', '', '', 0, ''),
(18, 1, 18, 0, '', '', '', '', '', 0, ''),
(844, 1, 33, 0, '', '', '', '', '', 0, ''),
(843, 1, 33, 0, '', '', '', '', '', 0, ''),
(842, 1, 34, 0, '', '', '', '', '', 0, ''),
(841, 1, 33, 0, '', '', '', '', '', 0, ''),
(26, 1, 26, 0, '', '', '', '', '', 0, ''),
(27, 1, 27, 0, '', '', '', '', '', 0, ''),
(28, 1, 28, 0, '', '', '', '', '', 0, ''),
(29, 1, 29, 0, '', '', '', '', '', 0, ''),
(30, 1, 30, 0, '', '', '', '', '', 0, ''),
(31, 1, 31, 0, '', '', '', '', '', 0, ''),
(32, 1, 32, 0, '', '', '', '', '', 0, ''),
(33, 1, 33, 0, '', '', '', '', '', 0, ''),
(34, 1, 34, 0, '', '', '', '', '', 0, ''),
(35, 1, 35, 0, '', '', '', '', '', 0, ''),
(36, 1, 36, 0, '', '', '', '', '', 0, ''),
(37, 1, 37, 0, '', '', '', '', '', 0, ''),
(38, 1, 38, 0, '', '', '', '', '', 0, ''),
(39, 1, 39, 0, '', '', '', '', '', 0, ''),
(40, 1, 40, 0, '', '', '', '', '', 0, ''),
(41, 2, 1, 0, '', '', '', '', '', 0, ''),
(42, 2, 2, 0, '', '', '', '', '', 0, ''),
(43, 2, 3, 0, '', '', '', '', '', 0, ''),
(44, 2, 4, 0, '', '', '', '', '', 0, ''),
(45, 2, 5, 0, '', '', '', '', '', 0, ''),
(46, 2, 6, 0, '', '', '', '', '', 0, ''),
(47, 2, 7, 0, '', '', '', '', '', 0, ''),
(48, 2, 8, 0, '', '', '', '', '', 0, ''),
(49, 2, 9, 0, '', '', '', '', '', 0, ''),
(50, 2, 10, 0, '', '', '', '', '', 0, ''),
(51, 2, 11, 0, '', '', '', '', '', 0, ''),
(52, 2, 12, 0, '', '', '', '', '', 0, ''),
(53, 2, 13, 0, '', '', '', '', '', 0, ''),
(54, 2, 14, 0, '', '', '', '', '', 0, ''),
(55, 2, 15, 0, '', '', '', '', '', 0, ''),
(56, 2, 16, 0, '', '', '', '', '', 0, ''),
(57, 2, 17, 0, '', '', '', '', '', 0, ''),
(58, 2, 18, 0, '', '', '', '', '', 0, ''),
(59, 2, 19, 0, '', '', '', '', '', 0, ''),
(60, 2, 20, 0, '', '', '', '', '', 0, ''),
(61, 2, 21, 0, '', '', '', '', '', 0, ''),
(62, 2, 22, 0, '', '', '', '', '', 0, ''),
(63, 2, 23, 0, '', '', '', '', '', 0, ''),
(64, 2, 24, 0, '', '', '', '', '', 0, ''),
(65, 2, 25, 0, '', '', '', '', '', 0, ''),
(66, 2, 26, 0, '', '', '', '', '', 0, ''),
(67, 2, 27, 0, '', '', '', '', '', 0, ''),
(68, 2, 28, 0, '', '', '', '', '', 0, ''),
(69, 2, 29, 0, '', '', '', '', '', 0, ''),
(70, 2, 30, 0, '', '', '', '', '', 0, ''),
(71, 2, 31, 0, '', '', '', '', '', 0, ''),
(72, 2, 32, 0, '', '', '', '', '', 0, ''),
(73, 2, 33, 0, '', '', '', '', '', 0, ''),
(74, 2, 34, 0, '', '', '', '', '', 0, ''),
(75, 2, 35, 0, '', '', '', '', '', 0, ''),
(76, 2, 36, 0, '', '', '', '', '', 0, ''),
(77, 2, 37, 0, '', '', '', '', '', 0, ''),
(78, 2, 38, 0, '', '', '', '', '', 0, ''),
(79, 2, 39, 0, '', '', '', '', '', 0, ''),
(80, 2, 40, 0, '', '', '', '', '', 0, ''),
(81, 3, 1, 0, '', '', '', '', '', 0, ''),
(82, 3, 2, 0, 'unnmi', 'nbiunmkimn', 'mnnkimn', 'ikmmn ikmni', '', 1, ''),
(83, 3, 3, 0, 'unnmi', 'nbiunmkimn', 'mnnkimn', 'ikmmn ikmni', '', 1, ''),
(84, 3, 4, 0, '', '', '', '', '', 0, ''),
(85, 3, 5, 0, '', '', '', '', '', 0, ''),
(86, 3, 6, 0, 'unnmi', 'nbiunmkimn', 'mnnkimn', 'ikmmn ikmni', '', 1, ''),
(87, 3, 7, 0, 'unnmi', 'nbiunmkimn', 'mnnkimn', 'ikmmn ikmni', '', 1, ''),
(88, 3, 8, 0, '', '', '', '', '', 0, ''),
(89, 3, 9, 0, '', '', '', '', '', 0, ''),
(90, 3, 10, 0, 'unnmi', 'nbiunmkimn', 'mnnkimn', 'ikmmn ikmni', '', 1, ''),
(91, 3, 11, 0, 'unnmi', 'nbiunmkimn', 'mnnkimn', 'ikmmn ikmni', '', 1, ''),
(92, 3, 12, 0, '', '', '', '', '', 0, ''),
(93, 3, 13, 0, '', '', '', '', '', 0, ''),
(94, 3, 14, 0, '', '', '', '', '', 0, ''),
(95, 3, 15, 0, '', '', '', '', '', 0, ''),
(96, 3, 16, 0, '', '', '', '', '', 0, ''),
(97, 3, 17, 0, '', '', '', '', '', 0, ''),
(98, 3, 18, 0, '', '', '', '', '', 0, ''),
(99, 3, 19, 0, '', '', '', '', '', 0, ''),
(100, 3, 20, 0, '', '', '', '', '', 0, ''),
(101, 3, 21, 0, '', '', '', '', '', 0, ''),
(102, 3, 22, 0, '', '', '', '', '', 0, ''),
(103, 3, 23, 0, '', '', '', '', '', 0, ''),
(104, 3, 24, 0, '', '', '', '', '', 0, ''),
(105, 3, 25, 0, '', '', '', '', '', 0, ''),
(106, 3, 26, 0, '', '', '', '', '', 0, ''),
(107, 3, 27, 0, '', '', '', '', '', 0, ''),
(108, 3, 28, 0, '', '', '', '', '', 0, ''),
(109, 3, 29, 0, '', '', '', '', '', 0, ''),
(110, 3, 30, 0, '', '', '', '', '', 0, ''),
(111, 3, 31, 0, '', '', '', '', '', 0, ''),
(112, 3, 32, 0, '', '', '', '', '', 0, ''),
(113, 3, 33, 0, '', '', '', '', '', 0, ''),
(114, 3, 34, 0, '', '', '', '', '', 0, ''),
(115, 3, 35, 0, '', '', '', '', '', 0, ''),
(116, 3, 36, 0, '', '', '', '', '', 0, ''),
(117, 3, 37, 0, '', '', '', '', '', 0, ''),
(118, 3, 38, 0, '', '', '', '', '', 0, ''),
(119, 3, 39, 0, '', '', '', '', '', 0, ''),
(120, 3, 40, 0, '', '', '', '', '', 0, ''),
(121, 4, 1, 0, '', '', '', '', '', 0, ''),
(122, 4, 2, 0, '', '', '', '', '', 0, ''),
(123, 4, 3, 0, '', '', '', '', '', 0, ''),
(124, 4, 4, 0, '', '', '', '', '', 0, ''),
(125, 4, 5, 0, '', '', '', '', '', 0, ''),
(126, 4, 6, 0, '', '', '', '', '', 0, ''),
(127, 4, 7, 0, '', '', '', '', '', 0, ''),
(128, 4, 8, 0, '', '', '', '', '', 0, ''),
(129, 4, 9, 0, '', '', '', '', '', 0, ''),
(130, 4, 10, 0, '', '', '', '', '', 0, ''),
(131, 4, 11, 0, '', '', '', '', '', 0, ''),
(132, 4, 12, 0, '', '', '', '', '', 0, ''),
(133, 4, 13, 0, '', '', '', '', '', 0, ''),
(134, 4, 14, 0, '', '', '', '', '', 0, ''),
(135, 4, 15, 0, '', '', '', '', '', 0, ''),
(136, 4, 16, 0, '', '', '', '', '', 0, ''),
(137, 4, 17, 0, '', '', '', '', '', 0, ''),
(138, 4, 18, 0, '', '', '', '', '', 0, ''),
(139, 4, 19, 0, '', '', '', '', '', 0, ''),
(140, 4, 20, 0, '', '', '', '', '', 0, ''),
(141, 4, 21, 0, '', '', '', '', '', 0, ''),
(142, 4, 22, 0, '', '', '', '', '', 0, ''),
(143, 4, 23, 0, '', '', '', '', '', 0, ''),
(144, 4, 24, 0, '', '', '', '', '', 0, ''),
(145, 4, 25, 0, '', '', '', '', '', 0, ''),
(146, 4, 26, 0, '', '', '', '', '', 0, ''),
(147, 4, 27, 0, '', '', '', '', '', 0, ''),
(148, 4, 28, 0, '', '', '', '', '', 0, ''),
(149, 4, 29, 0, '', '', '', '', '', 0, ''),
(150, 4, 30, 0, '', '', '', '', '', 0, ''),
(151, 4, 31, 0, '', '', '', '', '', 0, ''),
(152, 4, 32, 0, '', '', '', '', '', 0, ''),
(153, 4, 33, 0, '', '', '', '', '', 0, ''),
(154, 4, 34, 0, '', '', '', '', '', 0, ''),
(155, 4, 35, 0, '', '', '', '', '', 0, ''),
(156, 4, 36, 0, '', '', '', '', '', 0, ''),
(157, 4, 37, 0, '', '', '', '', '', 0, ''),
(158, 4, 38, 0, '', '', '', '', '', 0, ''),
(159, 4, 39, 0, '', '', '', '', '', 0, ''),
(160, 4, 40, 0, '', '', '', '', '', 0, ''),
(161, 5, 1, 0, '', '', '', '', '', 0, ''),
(162, 5, 2, 0, '', '', '', '', '', 0, ''),
(163, 5, 3, 0, '', '', '', '', '', 0, ''),
(164, 5, 4, 0, '', '', '', '', '', 0, ''),
(165, 5, 5, 0, '', '', '', '', '', 0, ''),
(166, 5, 6, 0, '', '', '', '', '', 0, ''),
(167, 5, 7, 0, '', '', '', '', '', 0, ''),
(168, 5, 8, 0, '', '', '', '', '', 0, ''),
(169, 5, 9, 0, '', '', '', '', '', 0, ''),
(170, 5, 10, 0, '', '', '', '', '', 0, ''),
(171, 5, 11, 0, '', '', '', '', '', 0, ''),
(172, 5, 12, 0, '', '', '', '', '', 0, ''),
(173, 5, 13, 0, '', '', '', '', '', 0, ''),
(174, 5, 14, 0, '', '', '', '', '', 0, ''),
(175, 5, 15, 0, '', '', '', '', '', 0, ''),
(176, 5, 16, 0, '', '', '', '', '', 0, ''),
(177, 5, 17, 0, '', '', '', '', '', 0, ''),
(178, 5, 18, 0, '', '', '', '', '', 0, ''),
(179, 5, 19, 0, '', '', '', '', '', 0, ''),
(180, 5, 20, 0, '', '', '', '', '', 0, ''),
(181, 5, 21, 0, '', '', '', '', '', 0, ''),
(182, 5, 22, 0, '', '', '', '', '', 0, ''),
(183, 5, 23, 0, '', '', '', '', '', 0, ''),
(184, 5, 24, 0, '', '', '', '', '', 0, ''),
(185, 5, 25, 0, '', '', '', '', '', 0, ''),
(186, 5, 26, 0, '', '', '', '', '', 0, ''),
(187, 5, 27, 0, '', '', '', '', '', 0, ''),
(188, 5, 28, 0, '', '', '', '', '', 0, ''),
(189, 5, 29, 0, '', '', '', '', '', 0, ''),
(190, 5, 30, 0, '', '', '', '', '', 0, ''),
(191, 5, 31, 0, '', '', '', '', '', 0, ''),
(192, 5, 32, 0, '', '', '', '', '', 0, ''),
(193, 5, 33, 0, '', '', '', '', '', 0, ''),
(194, 5, 34, 0, '', '', '', '', '', 0, ''),
(195, 5, 35, 0, '', '', '', '', '', 0, ''),
(196, 5, 36, 0, '', '', '', '', '', 0, ''),
(197, 5, 37, 0, '', '', '', '', '', 0, ''),
(198, 5, 38, 0, '', '', '', '', '', 0, ''),
(199, 5, 39, 0, '', '', '', '', '', 0, ''),
(200, 5, 40, 0, '', '', '', '', '', 0, ''),
(201, 6, 1, 0, '', '', '', '', '', 0, ''),
(202, 6, 2, 0, '', '', '', '', '', 0, ''),
(203, 6, 3, 0, '', '', '', '', '', 0, ''),
(204, 6, 4, 0, '', '', '', '', '', 0, ''),
(205, 6, 5, 0, '', '', '', '', '', 0, ''),
(206, 6, 6, 0, '', '', '', '', '', 0, ''),
(207, 6, 7, 0, '', '', '', '', '', 0, ''),
(208, 6, 8, 0, '', '', '', '', '', 0, ''),
(209, 6, 9, 0, '', '', '', '', '', 0, ''),
(210, 6, 10, 0, '', '', '', '', '', 0, ''),
(211, 6, 11, 0, '', '', '', '', '', 0, ''),
(212, 6, 12, 0, '', '', '', '', '', 0, ''),
(213, 6, 13, 0, '', '', '', '', '', 0, ''),
(214, 6, 14, 0, '', '', '', '', '', 0, ''),
(215, 6, 15, 0, '', '', '', '', '', 0, ''),
(216, 6, 16, 0, '', '', '', '', '', 0, ''),
(217, 6, 17, 0, '', '', '', '', '', 0, ''),
(218, 6, 18, 0, '', '', '', '', '', 0, ''),
(219, 6, 19, 0, '', '', '', '', '', 0, ''),
(220, 6, 20, 0, '', '', '', '', '', 0, ''),
(221, 6, 21, 0, '', '', '', '', '', 0, ''),
(222, 6, 22, 0, '', '', '', '', '', 0, ''),
(223, 6, 23, 0, '', '', '', '', '', 0, ''),
(224, 6, 24, 0, '', '', '', '', '', 0, ''),
(225, 6, 25, 0, '', '', '', '', '', 0, ''),
(226, 6, 26, 0, '', '', '', '', '', 0, ''),
(227, 6, 27, 0, '', '', '', '', '', 0, ''),
(228, 6, 28, 12, 'nahid hossain', '', '', '', '', 1, ''),
(229, 6, 29, 0, '', '', '', '', '', 0, ''),
(230, 6, 30, 0, '', '', '', '', '', 0, ''),
(231, 6, 31, 0, '', '', '', '', '', 0, ''),
(232, 6, 32, 0, '', '', '', '', '', 0, ''),
(233, 6, 33, 0, '', '', '', '', '', 0, ''),
(234, 6, 34, 0, '', '', '', '', '', 0, ''),
(235, 6, 35, 0, '', '', '', '', '', 0, ''),
(236, 6, 36, 0, '', '', '', '', '', 0, ''),
(237, 6, 37, 0, '', '', '', '', '', 0, ''),
(238, 6, 38, 0, '', '', '', '', '', 0, ''),
(239, 6, 39, 0, '', '', '', '', '', 0, ''),
(240, 6, 40, 0, '', '', '', '', '', 0, ''),
(241, 7, 1, 0, '', '', '', '', '', 0, ''),
(242, 7, 2, 12, 'nahid hossain', 'aaaaaaa', 'aaaaaaaaa', 'aaaaaa', 'fdhtjtj', 2, ''),
(243, 7, 3, 12, 'nahid hossain', 'aaaaaaa', 'aaaaaaaaa', 'aaaaaa', 'fdhtjtj', 2, ''),
(244, 7, 4, 12, 'nahid hossain', '', '', '', 'dsdsd', 2, ''),
(245, 7, 5, 0, '', '', '', '', '', 0, ''),
(246, 7, 6, 0, '', '', '', '', '', 0, ''),
(247, 7, 7, 0, '', '', '', '', '', 0, ''),
(248, 7, 8, 12, 'Rifayet Rifat', '01912751111', 'Dhaka', 'Rajshahi', '', 2, ''),
(249, 7, 9, 0, '', '', '', '', '', 0, ''),
(250, 7, 10, 0, '', '', '', '', '', 0, ''),
(251, 7, 11, 0, '', '', '', '', '', 0, ''),
(252, 7, 12, 0, '', '', '', '', '', 0, ''),
(253, 7, 13, 0, '', '', '', '', '', 0, ''),
(254, 7, 14, 0, '', '', '', '', '', 0, ''),
(255, 7, 15, 0, '', '', '', '', '', 0, ''),
(256, 7, 16, 0, '', '', '', '', '', 0, ''),
(257, 7, 17, 0, '', '', '', '', '', 0, ''),
(258, 7, 18, 0, '', '', '', '', '', 0, ''),
(259, 7, 19, 0, '', '', '', '', '', 0, ''),
(260, 7, 20, 0, '', '', '', '', '', 0, ''),
(261, 7, 21, 0, '', '', '', '', '', 0, ''),
(262, 7, 22, 0, '', '', '', '', '', 0, ''),
(263, 7, 23, 0, '', '', '', '', '', 0, ''),
(264, 7, 24, 0, '', '', '', '', '', 0, ''),
(265, 7, 25, 0, '', '', '', '', '', 0, ''),
(266, 7, 26, 0, '', '', '', '', '', 0, ''),
(267, 7, 27, 0, '', '', '', '', '', 0, ''),
(268, 7, 28, 0, '', '', '', '', '', 0, ''),
(269, 7, 29, 0, '', '', '', '', '', 0, ''),
(270, 7, 30, 0, '', '', '', '', '', 0, ''),
(271, 7, 31, 0, '', '', '', '', '', 0, ''),
(272, 7, 32, 0, '', '', '', '', '', 0, ''),
(273, 7, 33, 0, '', '', '', '', '', 0, ''),
(274, 7, 34, 0, '', '', '', '', '', 0, ''),
(275, 7, 35, 0, '', '', '', '', '', 0, ''),
(276, 7, 36, 0, '', '', '', '', '', 0, ''),
(277, 7, 37, 0, '', '', '', '', '', 0, ''),
(278, 7, 38, 0, '', '', '', '', '', 0, ''),
(279, 7, 39, 0, '', '', '', '', '', 0, ''),
(280, 7, 40, 0, '', '', '', '', '', 0, ''),
(281, 8, 1, 0, '', '', '', '', '', 0, ''),
(282, 8, 2, 0, '', '', '', '', '', 0, ''),
(283, 8, 3, 0, '', '', '', '', '', 0, ''),
(284, 8, 4, 0, '', '', '', '', '', 0, ''),
(285, 8, 5, 0, '', '', '', '', '', 0, ''),
(286, 8, 6, 0, '', '', '', '', '', 0, ''),
(287, 8, 7, 0, '', '', '', '', '', 0, ''),
(288, 8, 8, 0, '', '', '', '', '', 0, ''),
(289, 8, 9, 0, '', '', '', '', '', 0, ''),
(290, 8, 10, 0, '', '', '', '', '', 0, ''),
(291, 8, 11, 0, '', '', '', '', '', 0, ''),
(292, 8, 12, 0, '', '', '', '', '', 0, ''),
(293, 8, 13, 0, '', '', '', '', '', 0, ''),
(294, 8, 14, 0, '', '', '', '', '', 0, ''),
(295, 8, 15, 0, '', '', '', '', '', 0, ''),
(296, 8, 16, 0, '', '', '', '', '', 0, ''),
(297, 8, 17, 0, '', '', '', '', '', 0, ''),
(298, 8, 18, 0, '', '', '', '', '', 0, ''),
(299, 8, 19, 0, '', '', '', '', '', 0, ''),
(300, 8, 20, 0, '', '', '', '', '', 0, ''),
(301, 8, 21, 0, '', '', '', '', '', 0, ''),
(302, 8, 22, 0, '', '', '', '', '', 0, ''),
(303, 8, 23, 0, '', '', '', '', '', 0, ''),
(304, 8, 24, 0, '', '', '', '', '', 0, ''),
(305, 8, 25, 0, '', '', '', '', '', 0, ''),
(306, 8, 26, 0, '', '', '', '', '', 0, ''),
(307, 8, 27, 0, '', '', '', '', '', 0, ''),
(308, 8, 28, 0, '', '', '', '', '', 0, ''),
(309, 8, 29, 0, '', '', '', '', '', 0, ''),
(310, 8, 30, 0, '', '', '', '', '', 0, ''),
(311, 8, 31, 0, '', '', '', '', '', 0, ''),
(312, 8, 32, 0, '', '', '', '', '', 0, ''),
(313, 8, 33, 0, '', '', '', '', '', 0, ''),
(314, 8, 34, 0, '', '', '', '', '', 0, ''),
(315, 8, 35, 0, '', '', '', '', '', 0, ''),
(316, 8, 36, 0, '', '', '', '', '', 0, ''),
(317, 8, 37, 0, '', '', '', '', '', 0, ''),
(318, 8, 38, 0, '', '', '', '', '', 0, ''),
(319, 8, 39, 0, '', '', '', '', '', 0, ''),
(320, 8, 40, 0, '', '', '', '', '', 0, ''),
(321, 9, 1, 0, '', '', '', '', '', 0, ''),
(322, 9, 2, 0, '', '', '', '', '', 0, ''),
(323, 9, 3, 0, '', '', '', '', '', 0, ''),
(324, 9, 4, 0, '', '', '', '', '', 0, ''),
(325, 9, 5, 0, '', '', '', '', '', 0, ''),
(326, 9, 6, 0, '', '', '', '', '', 0, ''),
(327, 9, 7, 0, '', '', '', '', '', 0, ''),
(328, 9, 8, 0, '', '', '', '', '', 0, ''),
(329, 9, 9, 0, '', '', '', '', '', 0, ''),
(330, 9, 10, 0, '', '', '', '', '', 0, ''),
(331, 9, 11, 0, '', '', '', '', '', 0, ''),
(332, 9, 12, 0, '', '', '', '', '', 0, ''),
(333, 9, 13, 0, '', '', '', '', '', 0, ''),
(334, 9, 14, 0, '', '', '', '', '', 0, ''),
(335, 9, 15, 0, '', '', '', '', '', 0, ''),
(336, 9, 16, 0, '', '', '', '', '', 0, ''),
(337, 9, 17, 0, '', '', '', '', '', 0, ''),
(338, 9, 18, 0, '', '', '', '', '', 0, ''),
(339, 9, 19, 0, '', '', '', '', '', 0, ''),
(340, 9, 20, 0, '', '', '', '', '', 0, ''),
(341, 9, 21, 0, '', '', '', '', '', 0, ''),
(342, 9, 22, 0, '', '', '', '', '', 0, ''),
(343, 9, 23, 0, '', '', '', '', '', 0, ''),
(344, 9, 24, 0, '', '', '', '', '', 0, ''),
(345, 9, 25, 0, '', '', '', '', '', 0, ''),
(346, 9, 26, 0, '', '', '', '', '', 0, ''),
(347, 9, 27, 0, '', '', '', '', '', 0, ''),
(348, 9, 28, 0, '', '', '', '', '', 0, ''),
(349, 9, 29, 0, '', '', '', '', '', 0, ''),
(350, 9, 30, 0, '', '', '', '', '', 0, ''),
(351, 9, 31, 0, '', '', '', '', '', 0, ''),
(352, 9, 32, 0, '', '', '', '', '', 0, ''),
(353, 9, 33, 0, '', '', '', '', '', 0, ''),
(354, 9, 34, 0, '', '', '', '', '', 0, ''),
(355, 9, 35, 0, '', '', '', '', '', 0, ''),
(356, 9, 36, 0, '', '', '', '', '', 0, ''),
(357, 9, 37, 0, '', '', '', '', '', 0, ''),
(358, 9, 38, 0, '', '', '', '', '', 0, ''),
(359, 9, 39, 0, '', '', '', '', '', 0, ''),
(360, 9, 40, 0, '', '', '', '', '', 0, ''),
(361, 10, 1, 0, '', '', '', '', '', 0, ''),
(362, 10, 2, 0, '', '', '', '', '', 0, ''),
(363, 10, 3, 0, '', '', '', '', '', 0, ''),
(364, 10, 4, 0, '', '', '', '', '', 0, ''),
(365, 10, 5, 0, '', '', '', '', '', 0, ''),
(366, 10, 6, 0, '', '', '', '', '', 0, ''),
(367, 10, 7, 0, '', '', '', '', '', 0, ''),
(368, 10, 8, 0, '', '', '', '', '', 0, ''),
(369, 10, 9, 0, '', '', '', '', '', 0, ''),
(370, 10, 10, 0, '', '', '', '', '', 0, ''),
(371, 10, 11, 0, '', '', '', '', '', 0, ''),
(372, 10, 12, 0, '', '', '', '', '', 0, ''),
(373, 10, 13, 0, '', '', '', '', '', 0, ''),
(374, 10, 14, 0, '', '', '', '', '', 0, ''),
(375, 10, 15, 0, '', '', '', '', '', 0, ''),
(376, 10, 16, 0, '', '', '', '', '', 0, ''),
(377, 10, 17, 0, '', '', '', '', '', 0, ''),
(378, 10, 18, 0, '', '', '', '', '', 0, ''),
(379, 10, 19, 0, '', '', '', '', '', 0, ''),
(380, 10, 20, 0, '', '', '', '', '', 0, ''),
(381, 10, 21, 0, '', '', '', '', '', 0, ''),
(382, 10, 22, 0, '', '', '', '', '', 0, ''),
(383, 10, 23, 0, '', '', '', '', '', 0, ''),
(384, 10, 24, 0, '', '', '', '', '', 0, ''),
(385, 10, 25, 0, '', '', '', '', '', 0, ''),
(386, 10, 26, 0, '', '', '', '', '', 0, ''),
(387, 10, 27, 0, '', '', '', '', '', 0, ''),
(388, 10, 28, 0, '', '', '', '', '', 0, ''),
(389, 10, 29, 0, '', '', '', '', '', 0, ''),
(390, 10, 30, 0, '', '', '', '', '', 0, ''),
(391, 10, 31, 0, '', '', '', '', '', 0, ''),
(392, 10, 32, 0, '', '', '', '', '', 0, ''),
(393, 10, 33, 0, '', '', '', '', '', 0, ''),
(394, 10, 34, 0, '', '', '', '', '', 0, ''),
(395, 10, 35, 0, '', '', '', '', '', 0, ''),
(396, 10, 36, 0, '', '', '', '', '', 0, ''),
(397, 10, 37, 0, '', '', '', '', '', 0, ''),
(398, 10, 38, 0, '', '', '', '', '', 0, ''),
(399, 10, 39, 0, '', '', '', '', '', 0, ''),
(400, 10, 40, 0, '', '', '', '', '', 0, ''),
(401, 11, 1, 0, '', '', '', '', '', 0, ''),
(402, 11, 2, 0, '', '', '', '', '', 0, ''),
(403, 11, 3, 0, '', '', '', '', '', 0, ''),
(404, 11, 4, 0, '', '', '', '', '', 0, ''),
(405, 11, 5, 0, '', '', '', '', '', 0, ''),
(406, 11, 6, 0, '', '', '', '', '', 0, ''),
(407, 11, 7, 0, '', '', '', '', '', 0, ''),
(408, 11, 8, 0, '', '', '', '', '', 0, ''),
(409, 11, 9, 0, '', '', '', '', '', 0, ''),
(410, 11, 10, 0, '', '', '', '', '', 0, ''),
(411, 11, 11, 0, '', '', '', '', '', 0, ''),
(412, 11, 12, 0, '', '', '', '', '', 0, ''),
(413, 11, 13, 0, '', '', '', '', '', 0, ''),
(414, 11, 14, 0, '', '', '', '', '', 0, ''),
(415, 11, 15, 0, '', '', '', '', '', 0, ''),
(416, 11, 16, 0, '', '', '', '', '', 0, ''),
(417, 11, 17, 0, '', '', '', '', '', 0, ''),
(418, 11, 18, 0, '', '', '', '', '', 0, ''),
(419, 11, 19, 0, '', '', '', '', '', 0, ''),
(420, 11, 20, 0, '', '', '', '', '', 0, ''),
(421, 11, 21, 0, '', '', '', '', '', 0, ''),
(422, 11, 22, 0, '', '', '', '', '', 0, ''),
(423, 11, 23, 0, '', '', '', '', '', 0, ''),
(424, 11, 24, 0, '', '', '', '', '', 0, ''),
(425, 11, 25, 0, '', '', '', '', '', 0, ''),
(426, 11, 26, 0, '', '', '', '', '', 0, ''),
(427, 11, 27, 0, '', '', '', '', '', 0, ''),
(428, 11, 28, 0, '', '', '', '', '', 0, ''),
(429, 11, 29, 0, '', '', '', '', '', 0, ''),
(430, 11, 30, 0, '', '', '', '', '', 0, ''),
(431, 11, 31, 0, '', '', '', '', '', 0, ''),
(432, 11, 32, 0, '', '', '', '', '', 0, ''),
(433, 11, 33, 0, '', '', '', '', '', 0, ''),
(434, 11, 34, 0, '', '', '', '', '', 0, ''),
(435, 11, 35, 0, '', '', '', '', '', 0, ''),
(436, 11, 36, 0, '', '', '', '', '', 0, ''),
(437, 11, 37, 0, '', '', '', '', '', 0, ''),
(438, 11, 38, 0, '', '', '', '', '', 0, ''),
(439, 11, 39, 0, '', '', '', '', '', 0, ''),
(440, 11, 40, 0, '', '', '', '', '', 0, ''),
(441, 12, 1, 0, '', '', '', '', '', 0, ''),
(442, 12, 2, 0, '', '', '', '', '', 0, ''),
(443, 12, 3, 0, '', '', '', '', '', 0, ''),
(444, 12, 4, 0, '', '', '', '', '', 0, ''),
(445, 12, 5, 0, '', '', '', '', '', 0, ''),
(446, 12, 6, 0, '', '', '', '', '', 0, ''),
(447, 12, 7, 0, '', '', '', '', '', 0, ''),
(448, 12, 8, 0, '', '', '', '', '', 0, ''),
(449, 12, 9, 0, '', '', '', '', '', 0, ''),
(450, 12, 10, 0, '', '', '', '', '', 0, ''),
(451, 12, 11, 0, '', '', '', '', '', 0, ''),
(452, 12, 12, 0, '', '', '', '', '', 0, ''),
(453, 12, 13, 0, '', '', '', '', '', 0, ''),
(454, 12, 14, 0, '', '', '', '', '', 0, ''),
(455, 12, 15, 0, '', '', '', '', '', 0, ''),
(456, 12, 16, 0, '', '', '', '', '', 0, ''),
(457, 12, 17, 0, '', '', '', '', '', 0, ''),
(458, 12, 18, 0, '', '', '', '', '', 0, ''),
(459, 12, 19, 0, '', '', '', '', '', 0, ''),
(460, 12, 20, 0, '', '', '', '', '', 0, ''),
(461, 12, 21, 0, '', '', '', '', '', 0, ''),
(462, 12, 22, 0, '', '', '', '', '', 0, ''),
(463, 12, 23, 0, '', '', '', '', '', 0, ''),
(464, 12, 24, 0, '', '', '', '', '', 0, ''),
(465, 12, 25, 0, '', '', '', '', '', 0, ''),
(466, 12, 26, 0, '', '', '', '', '', 0, ''),
(467, 12, 27, 0, '', '', '', '', '', 0, ''),
(468, 12, 28, 0, '', '', '', '', '', 0, ''),
(469, 12, 29, 0, '', '', '', '', '', 0, ''),
(470, 12, 30, 0, '', '', '', '', '', 0, ''),
(471, 12, 31, 0, '', '', '', '', '', 0, ''),
(472, 12, 32, 0, '', '', '', '', '', 0, ''),
(473, 12, 33, 0, '', '', '', '', '', 0, ''),
(474, 12, 34, 0, '', '', '', '', '', 0, ''),
(475, 12, 35, 0, '', '', '', '', '', 0, ''),
(476, 12, 36, 0, '', '', '', '', '', 0, ''),
(477, 12, 37, 0, '', '', '', '', '', 0, ''),
(478, 12, 38, 0, '', '', '', '', '', 0, ''),
(479, 12, 39, 0, '', '', '', '', '', 0, ''),
(480, 12, 40, 0, '', '', '', '', '', 0, ''),
(481, 13, 1, 0, '', '', '', '', '', 0, ''),
(482, 13, 2, 0, '', '', '', '', '', 0, ''),
(483, 13, 3, 0, '', '', '', '', '', 0, ''),
(484, 13, 4, 0, '', '', '', '', '', 0, ''),
(485, 13, 5, 0, '', '', '', '', '', 0, ''),
(486, 13, 6, 0, '', '', '', '', '', 0, ''),
(487, 13, 7, 0, '', '', '', '', '', 0, ''),
(488, 13, 8, 0, '', '', '', '', '', 0, ''),
(489, 13, 9, 0, '', '', '', '', '', 0, ''),
(490, 13, 10, 0, '', '', '', '', '', 0, ''),
(491, 13, 11, 0, '', '', '', '', '', 0, ''),
(492, 13, 12, 0, '', '', '', '', '', 0, ''),
(493, 13, 13, 0, '', '', '', '', '', 0, ''),
(494, 13, 14, 0, '', '', '', '', '', 0, ''),
(495, 13, 15, 0, '', '', '', '', '', 0, ''),
(496, 13, 16, 0, '', '', '', '', '', 0, ''),
(497, 13, 17, 0, '', '', '', '', '', 0, ''),
(498, 13, 18, 0, '', '', '', '', '', 0, ''),
(499, 13, 19, 0, '', '', '', '', '', 0, ''),
(500, 13, 20, 0, '', '', '', '', '', 0, ''),
(501, 13, 21, 0, '', '', '', '', '', 0, ''),
(502, 13, 22, 0, '', '', '', '', '', 0, ''),
(503, 13, 23, 0, '', '', '', '', '', 0, ''),
(504, 13, 24, 0, '', '', '', '', '', 0, ''),
(505, 13, 25, 0, '', '', '', '', '', 0, ''),
(506, 13, 26, 0, '', '', '', '', '', 0, ''),
(507, 13, 27, 0, '', '', '', '', '', 0, ''),
(508, 13, 28, 0, '', '', '', '', '', 0, ''),
(509, 13, 29, 0, '', '', '', '', '', 0, ''),
(510, 13, 30, 0, '', '', '', '', '', 0, ''),
(511, 13, 31, 0, '', '', '', '', '', 0, ''),
(512, 13, 32, 0, '', '', '', '', '', 0, ''),
(513, 13, 33, 0, '', '', '', '', '', 0, ''),
(514, 13, 34, 0, '', '', '', '', '', 0, ''),
(515, 13, 35, 0, '', '', '', '', '', 0, ''),
(516, 13, 36, 0, '', '', '', '', '', 0, ''),
(517, 13, 37, 0, '', '', '', '', '', 0, ''),
(518, 13, 38, 0, '', '', '', '', '', 0, ''),
(519, 13, 39, 0, '', '', '', '', '', 0, ''),
(520, 13, 40, 0, '', '', '', '', '', 0, ''),
(521, 14, 1, 0, '', '', '', '', '', 0, ''),
(522, 14, 2, 0, '', '', '', '', '', 0, ''),
(523, 14, 3, 0, '', '', '', '', '', 0, ''),
(524, 14, 4, 0, '', '', '', '', '', 0, ''),
(525, 14, 5, 0, '', '', '', '', '', 0, ''),
(526, 14, 6, 0, '', '', '', '', '', 0, ''),
(527, 14, 7, 0, '', '', '', '', '', 0, ''),
(528, 14, 8, 0, '', '', '', '', '', 0, ''),
(529, 14, 9, 0, '', '', '', '', '', 0, ''),
(530, 14, 10, 0, '', '', '', '', '', 0, ''),
(531, 14, 11, 0, '', '', '', '', '', 0, ''),
(532, 14, 12, 0, '', '', '', '', '', 0, ''),
(533, 14, 13, 0, '', '', '', '', '', 0, ''),
(534, 14, 14, 0, '', '', '', '', '', 0, ''),
(535, 14, 15, 0, '', '', '', '', '', 0, ''),
(536, 14, 16, 0, '', '', '', '', '', 0, ''),
(537, 14, 17, 0, '', '', '', '', '', 0, ''),
(538, 14, 18, 0, '', '', '', '', '', 0, ''),
(539, 14, 19, 0, '', '', '', '', '', 0, ''),
(540, 14, 20, 0, '', '', '', '', '', 0, ''),
(541, 14, 21, 0, '', '', '', '', '', 0, ''),
(542, 14, 22, 0, '', '', '', '', '', 0, ''),
(543, 14, 23, 0, '', '', '', '', '', 0, ''),
(544, 14, 24, 0, '', '', '', '', '', 0, ''),
(545, 14, 25, 0, '', '', '', '', '', 0, ''),
(546, 14, 26, 0, '', '', '', '', '', 0, ''),
(547, 14, 27, 0, '', '', '', '', '', 0, ''),
(548, 14, 28, 0, '', '', '', '', '', 0, ''),
(549, 14, 29, 0, '', '', '', '', '', 0, ''),
(550, 14, 30, 0, '', '', '', '', '', 0, ''),
(551, 14, 31, 0, '', '', '', '', '', 0, ''),
(552, 14, 32, 0, '', '', '', '', '', 0, ''),
(553, 14, 33, 0, '', '', '', '', '', 0, ''),
(554, 14, 34, 0, '', '', '', '', '', 0, ''),
(555, 14, 35, 0, '', '', '', '', '', 0, ''),
(556, 14, 36, 0, '', '', '', '', '', 0, ''),
(557, 14, 37, 0, '', '', '', '', '', 0, ''),
(558, 14, 38, 0, '', '', '', '', '', 0, ''),
(559, 14, 39, 0, '', '', '', '', '', 0, ''),
(560, 14, 40, 0, '', '', '', '', '', 0, ''),
(561, 15, 1, 0, '', '', '', '', '', 0, ''),
(562, 15, 2, 0, '', '', '', '', '', 0, ''),
(563, 15, 3, 0, '', '', '', '', '', 0, ''),
(564, 15, 4, 0, '', '', '', '', '', 0, ''),
(565, 15, 5, 0, '', '', '', '', '', 0, ''),
(566, 15, 6, 0, '', '', '', '', '', 0, ''),
(567, 15, 7, 0, '', '', '', '', '', 0, ''),
(568, 15, 8, 0, '', '', '', '', '', 0, ''),
(569, 15, 9, 0, '', '', '', '', '', 0, ''),
(570, 15, 10, 0, '', '', '', '', '', 0, ''),
(571, 15, 11, 0, '', '', '', '', '', 0, ''),
(572, 15, 12, 0, '', '', '', '', '', 0, ''),
(573, 15, 13, 0, '', '', '', '', '', 0, ''),
(574, 15, 14, 0, '', '', '', '', '', 0, ''),
(575, 15, 15, 0, '', '', '', '', '', 0, ''),
(576, 15, 16, 0, '', '', '', '', '', 0, ''),
(577, 15, 17, 0, '', '', '', '', '', 0, ''),
(578, 15, 18, 0, '', '', '', '', '', 0, ''),
(579, 15, 19, 0, '', '', '', '', '', 0, ''),
(580, 15, 20, 0, '', '', '', '', '', 0, ''),
(581, 15, 21, 0, '', '', '', '', '', 0, ''),
(582, 15, 22, 0, '', '', '', '', '', 0, ''),
(583, 15, 23, 0, '', '', '', '', '', 0, ''),
(584, 15, 24, 0, '', '', '', '', '', 0, ''),
(585, 15, 25, 0, '', '', '', '', '', 0, ''),
(586, 15, 26, 0, '', '', '', '', '', 0, ''),
(587, 15, 27, 0, '', '', '', '', '', 0, ''),
(588, 15, 28, 0, '', '', '', '', '', 0, ''),
(589, 15, 29, 0, '', '', '', '', '', 0, ''),
(590, 15, 30, 0, '', '', '', '', '', 0, ''),
(591, 15, 31, 0, '', '', '', '', '', 0, ''),
(592, 15, 32, 0, '', '', '', '', '', 0, ''),
(593, 15, 33, 0, '', '', '', '', '', 0, ''),
(594, 15, 34, 0, '', '', '', '', '', 0, ''),
(595, 15, 35, 0, '', '', '', '', '', 0, ''),
(596, 15, 36, 0, '', '', '', '', '', 0, ''),
(597, 15, 37, 0, '', '', '', '', '', 0, ''),
(598, 15, 38, 0, '', '', '', '', '', 0, ''),
(599, 15, 39, 0, '', '', '', '', '', 0, ''),
(600, 15, 40, 0, '', '', '', '', '', 0, ''),
(601, 16, 1, 0, '', '', '', '', '', 0, ''),
(602, 16, 2, 0, '', '', '', '', '', 0, ''),
(603, 16, 3, 0, '', '', '', '', '', 0, ''),
(604, 16, 4, 0, '', '', '', '', '', 0, ''),
(605, 16, 5, 0, '', '', '', '', '', 0, ''),
(606, 16, 6, 0, '', '', '', '', '', 0, ''),
(607, 16, 7, 0, '', '', '', '', '', 0, ''),
(608, 16, 8, 0, '', '', '', '', '', 0, ''),
(609, 16, 9, 0, '', '', '', '', '', 0, ''),
(610, 16, 10, 0, '', '', '', '', '', 0, ''),
(611, 16, 11, 0, '', '', '', '', '', 0, ''),
(612, 16, 12, 0, '', '', '', '', '', 0, ''),
(613, 16, 13, 0, '', '', '', '', '', 0, ''),
(614, 16, 14, 0, '', '', '', '', '', 0, ''),
(615, 16, 15, 0, '', '', '', '', '', 0, ''),
(616, 16, 16, 0, '', '', '', '', '', 0, ''),
(617, 16, 17, 0, '', '', '', '', '', 0, ''),
(618, 16, 18, 0, '', '', '', '', '', 0, ''),
(619, 16, 19, 0, '', '', '', '', '', 0, ''),
(620, 16, 20, 0, '', '', '', '', '', 0, ''),
(621, 16, 21, 0, '', '', '', '', '', 0, ''),
(622, 16, 22, 0, '', '', '', '', '', 0, ''),
(623, 16, 23, 0, '', '', '', '', '', 0, ''),
(624, 16, 24, 0, '', '', '', '', '', 0, ''),
(625, 16, 25, 0, '', '', '', '', '', 0, ''),
(626, 16, 26, 0, '', '', '', '', '', 0, ''),
(627, 16, 27, 0, '', '', '', '', '', 0, ''),
(628, 16, 28, 0, '', '', '', '', '', 0, ''),
(629, 16, 29, 0, '', '', '', '', '', 0, ''),
(630, 16, 30, 0, '', '', '', '', '', 0, ''),
(631, 16, 31, 0, '', '', '', '', '', 0, ''),
(632, 16, 32, 0, '', '', '', '', '', 0, ''),
(633, 16, 33, 0, '', '', '', '', '', 0, ''),
(634, 16, 34, 0, '', '', '', '', '', 0, ''),
(635, 16, 35, 0, '', '', '', '', '', 0, ''),
(636, 16, 36, 0, '', '', '', '', '', 0, ''),
(637, 16, 37, 0, '', '', '', '', '', 0, ''),
(638, 16, 38, 0, '', '', '', '', '', 0, ''),
(639, 16, 39, 0, '', '', '', '', '', 0, ''),
(640, 16, 40, 0, '', '', '', '', '', 0, ''),
(641, 17, 1, 0, '', '', '', '', '', 0, ''),
(642, 17, 2, 0, '', '', '', '', '', 0, ''),
(643, 17, 3, 0, '', '', '', '', '', 0, ''),
(644, 17, 4, 0, '', '', '', '', '', 0, ''),
(645, 17, 5, 0, '', '', '', '', '', 0, ''),
(646, 17, 6, 0, '', '', '', '', '', 0, ''),
(647, 17, 7, 0, '', '', '', '', '', 0, ''),
(648, 17, 8, 0, '', '', '', '', '', 0, ''),
(649, 17, 9, 0, '', '', '', '', '', 0, ''),
(650, 17, 10, 0, '', '', '', '', '', 0, ''),
(651, 17, 11, 0, '', '', '', '', '', 0, ''),
(652, 17, 12, 0, '', '', '', '', '', 0, ''),
(653, 17, 13, 0, '', '', '', '', '', 0, ''),
(654, 17, 14, 0, '', '', '', '', '', 0, ''),
(655, 17, 15, 0, '', '', '', '', '', 0, ''),
(656, 17, 16, 0, '', '', '', '', '', 0, ''),
(657, 17, 17, 0, '', '', '', '', '', 0, ''),
(658, 17, 18, 0, '', '', '', '', '', 0, ''),
(659, 17, 19, 0, '', '', '', '', '', 0, ''),
(660, 17, 20, 0, '', '', '', '', '', 0, ''),
(661, 17, 21, 0, '', '', '', '', '', 0, ''),
(662, 17, 22, 0, '', '', '', '', '', 0, ''),
(663, 17, 23, 0, '', '', '', '', '', 0, ''),
(664, 17, 24, 0, '', '', '', '', '', 0, ''),
(665, 17, 25, 0, '', '', '', '', '', 0, ''),
(666, 17, 26, 0, '', '', '', '', '', 0, ''),
(667, 17, 27, 0, '', '', '', '', '', 0, ''),
(668, 17, 28, 0, '', '', '', '', '', 0, ''),
(669, 17, 29, 0, '', '', '', '', '', 0, ''),
(670, 17, 30, 0, '', '', '', '', '', 0, ''),
(671, 17, 31, 0, '', '', '', '', '', 0, ''),
(672, 17, 32, 0, '', '', '', '', '', 0, ''),
(673, 17, 33, 0, '', '', '', '', '', 0, ''),
(674, 17, 34, 0, '', '', '', '', '', 0, ''),
(675, 17, 35, 0, '', '', '', '', '', 0, ''),
(676, 17, 36, 0, '', '', '', '', '', 0, ''),
(677, 17, 37, 0, '', '', '', '', '', 0, ''),
(678, 17, 38, 0, '', '', '', '', '', 0, ''),
(679, 17, 39, 0, '', '', '', '', '', 0, ''),
(680, 17, 40, 0, '', '', '', '', '', 0, ''),
(681, 18, 1, 0, '', '', '', '', '', 0, ''),
(682, 18, 2, 0, '', '', '', '', '', 0, ''),
(683, 18, 3, 0, '', '', '', '', '', 0, ''),
(684, 18, 4, 0, '', '', '', '', '', 0, ''),
(685, 18, 5, 0, '', '', '', '', '', 0, ''),
(686, 18, 6, 0, '', '', '', '', '', 0, ''),
(687, 18, 7, 0, '', '', '', '', '', 0, ''),
(688, 18, 8, 0, '', '', '', '', '', 0, ''),
(689, 18, 9, 0, '', '', '', '', '', 0, ''),
(690, 18, 10, 0, '', '', '', '', '', 0, ''),
(691, 18, 11, 0, '', '', '', '', '', 0, ''),
(692, 18, 12, 0, '', '', '', '', '', 0, ''),
(693, 18, 13, 0, '', '', '', '', '', 0, ''),
(694, 18, 14, 0, '', '', '', '', '', 0, ''),
(695, 18, 15, 0, '', '', '', '', '', 0, ''),
(696, 18, 16, 0, '', '', '', '', '', 0, ''),
(697, 18, 17, 0, '', '', '', '', '', 0, ''),
(698, 18, 18, 0, '', '', '', '', '', 0, ''),
(699, 18, 19, 0, '', '', '', '', '', 0, ''),
(700, 18, 20, 0, '', '', '', '', '', 0, ''),
(701, 18, 21, 0, '', '', '', '', '', 0, ''),
(702, 18, 22, 0, '', '', '', '', '', 0, ''),
(703, 18, 23, 0, '', '', '', '', '', 0, ''),
(704, 18, 24, 0, '', '', '', '', '', 0, ''),
(705, 18, 25, 0, '', '', '', '', '', 0, ''),
(706, 18, 26, 0, '', '', '', '', '', 0, ''),
(707, 18, 27, 0, '', '', '', '', '', 0, ''),
(708, 18, 28, 0, '', '', '', '', '', 0, ''),
(709, 18, 29, 0, '', '', '', '', '', 0, ''),
(710, 18, 30, 0, '', '', '', '', '', 0, ''),
(711, 18, 31, 0, '', '', '', '', '', 0, ''),
(712, 18, 32, 0, '', '', '', '', '', 0, ''),
(713, 18, 33, 0, '', '', '', '', '', 0, ''),
(714, 18, 34, 0, '', '', '', '', '', 0, ''),
(715, 18, 35, 0, '', '', '', '', '', 0, ''),
(716, 18, 36, 0, '', '', '', '', '', 0, ''),
(717, 18, 37, 0, '', '', '', '', '', 0, ''),
(718, 18, 38, 0, '', '', '', '', '', 0, ''),
(719, 18, 39, 0, '', '', '', '', '', 0, ''),
(720, 18, 40, 0, '', '', '', '', '', 0, ''),
(721, 19, 1, 0, '', '', '', '', '', 0, ''),
(722, 19, 2, 0, '', '', '', '', '', 0, ''),
(723, 19, 3, 0, '', '', '', '', '', 0, ''),
(724, 19, 4, 12, 'nahid hossain', '', '', '', '', 2, ''),
(725, 19, 5, 0, '', '', '', '', '', 0, ''),
(726, 19, 6, 0, '', '', '', '', '', 0, ''),
(727, 19, 7, 0, '', '', '', '', '', 0, ''),
(728, 19, 8, 0, '', '', '', '', '', 0, ''),
(729, 19, 9, 0, '', '', '', '', '', 0, ''),
(730, 19, 10, 0, '', '', '', '', '', 0, ''),
(731, 19, 11, 0, '', '', '', '', '', 0, ''),
(732, 19, 12, 0, '', '', '', '', '', 0, ''),
(733, 19, 13, 0, '', '', '', '', '', 0, ''),
(734, 19, 14, 0, '', '', '', '', '', 0, ''),
(735, 19, 15, 0, '', '', '', '', '', 0, ''),
(736, 19, 16, 0, '', '', '', '', '', 0, ''),
(737, 19, 17, 0, '', '', '', '', '', 0, ''),
(738, 19, 18, 0, '', '', '', '', '', 0, ''),
(739, 19, 19, 0, '', '', '', '', '', 0, ''),
(740, 19, 20, 0, '', '', '', '', '', 0, ''),
(741, 19, 21, 0, '', '', '', '', '', 0, ''),
(742, 19, 22, 0, '', '', '', '', '', 0, ''),
(743, 19, 23, 0, '', '', '', '', '', 0, ''),
(744, 19, 24, 0, '', '', '', '', '', 0, ''),
(745, 19, 25, 0, '', '', '', '', '', 0, ''),
(746, 19, 26, 0, '', '', '', '', '', 0, ''),
(747, 19, 27, 0, '', '', '', '', '', 0, ''),
(748, 19, 28, 0, '', '', '', '', '', 0, ''),
(749, 19, 29, 0, '', '', '', '', '', 0, ''),
(750, 19, 30, 0, '', '', '', '', '', 0, ''),
(751, 19, 31, 0, '', '', '', '', '', 0, ''),
(752, 19, 32, 0, '', '', '', '', '', 0, ''),
(753, 19, 33, 0, '', '', '', '', '', 0, ''),
(754, 19, 34, 0, '', '', '', '', '', 0, ''),
(755, 19, 35, 0, '', '', '', '', '', 0, ''),
(756, 19, 36, 0, '', '', '', '', '', 0, ''),
(757, 19, 37, 0, '', '', '', '', '', 0, ''),
(758, 19, 38, 0, '', '', '', '', '', 0, ''),
(759, 19, 39, 0, '', '', '', '', '', 0, ''),
(760, 19, 40, 0, '', '', '', '', '', 0, ''),
(761, 20, 1, 0, '', '', '', '', '', 0, ''),
(762, 20, 2, 0, '', '', '', '', '', 0, ''),
(763, 20, 3, 0, '', '', '', '', '', 0, ''),
(764, 20, 4, 0, '', '', '', '', '', 0, ''),
(765, 20, 5, 0, '', '', '', '', '', 0, ''),
(766, 20, 6, 0, '', '', '', '', '', 0, ''),
(767, 20, 7, 0, '', '', '', '', '', 0, ''),
(768, 20, 8, 0, '', '', '', '', '', 0, ''),
(769, 20, 9, 0, '', '', '', '', '', 0, ''),
(770, 20, 10, 0, '', '', '', '', '', 0, ''),
(771, 20, 11, 0, '', '', '', '', '', 0, ''),
(772, 20, 12, 0, '', '', '', '', '', 0, ''),
(773, 20, 13, 0, '', '', '', '', '', 0, ''),
(774, 20, 14, 0, '', '', '', '', '', 0, ''),
(775, 20, 15, 0, '', '', '', '', '', 0, ''),
(776, 20, 16, 0, '', '', '', '', '', 0, ''),
(777, 20, 17, 0, '', '', '', '', '', 0, ''),
(778, 20, 18, 0, '', '', '', '', '', 0, ''),
(779, 20, 19, 0, '', '', '', '', '', 0, ''),
(780, 20, 20, 0, '', '', '', '', '', 0, ''),
(781, 20, 21, 0, '', '', '', '', '', 0, ''),
(782, 20, 22, 0, '', '', '', '', '', 0, ''),
(783, 20, 23, 0, '', '', '', '', '', 0, ''),
(784, 20, 24, 0, '', '', '', '', '', 0, ''),
(785, 20, 25, 0, '', '', '', '', '', 0, ''),
(786, 20, 26, 0, '', '', '', '', '', 0, ''),
(787, 20, 27, 0, '', '', '', '', '', 0, ''),
(788, 20, 28, 0, '', '', '', '', '', 0, ''),
(789, 20, 29, 0, '', '', '', '', '', 0, ''),
(790, 20, 30, 0, '', '', '', '', '', 0, ''),
(791, 20, 31, 0, '', '', '', '', '', 0, ''),
(792, 20, 32, 0, '', '', '', '', '', 0, ''),
(793, 20, 33, 0, '', '', '', '', '', 0, ''),
(794, 20, 34, 0, '', '', '', '', '', 0, ''),
(795, 20, 35, 0, '', '', '', '', '', 0, ''),
(796, 20, 36, 0, '', '', '', '', '', 0, ''),
(797, 20, 37, 0, '', '', '', '', '', 0, ''),
(798, 20, 38, 0, '', '', '', '', '', 0, ''),
(799, 20, 39, 0, '', '', '', '', '', 0, ''),
(800, 20, 40, 0, '', '', '', '', '', 0, ''),
(801, 21, 1, 0, '', '', '', '', '', 0, ''),
(802, 21, 2, 0, '', '', '', '', '', 0, ''),
(803, 21, 3, 0, '', '', '', '', '', 0, ''),
(804, 21, 4, 0, '', '', '', '', '', 0, ''),
(805, 21, 5, 0, '', '', '', '', '', 0, ''),
(806, 21, 6, 0, '', '', '', '', '', 0, ''),
(807, 21, 7, 0, '', '', '', '', '', 0, ''),
(808, 21, 8, 0, '', '', '', '', '', 0, ''),
(809, 21, 9, 0, '', '', '', '', '', 0, ''),
(810, 21, 10, 0, '', '', '', '', '', 0, ''),
(811, 21, 11, 0, '', '', '', '', '', 0, ''),
(812, 21, 12, 0, '', '', '', '', '', 0, ''),
(813, 21, 13, 0, '', '', '', '', '', 0, ''),
(814, 21, 14, 0, '', '', '', '', '', 0, ''),
(815, 21, 15, 0, '', '', '', '', '', 0, ''),
(816, 21, 16, 0, '', '', '', '', '', 0, ''),
(817, 21, 17, 0, '', '', '', '', '', 0, ''),
(818, 21, 18, 0, '', '', '', '', '', 0, ''),
(819, 21, 19, 0, '', '', '', '', '', 0, ''),
(820, 21, 20, 0, '', '', '', '', '', 0, ''),
(821, 21, 21, 0, '', '', '', '', '', 0, ''),
(822, 21, 22, 0, '', '', '', '', '', 0, ''),
(823, 21, 23, 0, '', '', '', '', '', 0, ''),
(824, 21, 24, 0, '', '', '', '', '', 0, ''),
(825, 21, 25, 0, '', '', '', '', '', 0, ''),
(826, 21, 26, 0, '', '', '', '', '', 0, ''),
(827, 21, 27, 0, '', '', '', '', '', 0, ''),
(828, 21, 28, 0, '', '', '', '', '', 0, ''),
(829, 21, 29, 0, '', '', '', '', '', 0, ''),
(830, 21, 30, 0, '', '', '', '', '', 0, ''),
(831, 21, 31, 0, '', '', '', '', '', 0, ''),
(832, 21, 32, 0, '', '', '', '', '', 0, ''),
(833, 21, 33, 0, '', '', '', '', '', 0, ''),
(834, 21, 34, 0, '', '', '', '', '', 0, ''),
(835, 21, 35, 0, '', '', '', '', '', 0, ''),
(836, 21, 36, 0, '', '', '', '', '', 0, ''),
(837, 21, 37, 0, '', '', '', '', '', 0, ''),
(838, 21, 38, 0, '', '', '', '', '', 0, ''),
(839, 21, 39, 0, '', '', '', '', '', 0, ''),
(840, 21, 40, 0, '', '', '', '', '', 0, '');

-- --------------------------------------------------------

--
-- Table structure for table `sliders`
--

CREATE TABLE `sliders` (
  `id` int(11) NOT NULL,
  `img` varchar(255) NOT NULL
) ENGINE=MyISAM DEFAULT CHARSET=latin1;

--
-- Dumping data for table `sliders`
--

INSERT INTO `sliders` (`id`, `img`) VALUES
(33, '1451834652.jpg'),
(31, '1451834586.jpg'),
(32, '1451834631.jpg');

-- --------------------------------------------------------

--
-- Table structure for table `ticket_details`
--

CREATE TABLE `ticket_details` (
  `id` int(11) NOT NULL,
  `busid` varchar(64) CHARACTER SET utf8 NOT NULL,
  `pname` varchar(128) CHARACTER SET utf8 NOT NULL,
  `pmobile` varchar(64) CHARACTER SET utf8 NOT NULL,
  `start` varchar(64) CHARACTER SET utf8 NOT NULL,
  `depart` varchar(64) CHARACTER SET utf8 NOT NULL,
  `seats` varchar(128) CHARACTER SET utf8 NOT NULL,
  `status` varchar(255) NOT NULL,
  `uid` varchar(255) NOT NULL,
  `cost` varchar(255) NOT NULL
) ENGINE=InnoDB DEFAULT CHARSET=latin1;

--
-- Dumping data for table `ticket_details`
--

INSERT INTO `ticket_details` (`id`, `busid`, `pname`, `pmobile`, `start`, `depart`, `seats`, `status`, `uid`, `cost`) VALUES
(1, '6', 'john kamau', '', '', '', 'G4', '1', '12', '400'),
(2, '7', 'peter onyango', 'aaaaaaa', 'aaaaaaaaa', 'aaaaaa', 'A3 , A2 , A1 , ', '2', '12', '1200'),
(3, '3', 'abdi hassan', 'nbiunmkimn', 'mnnkimn', 'ikmmn ikmni', 'C3 , C2 , B3 , B2 , A3 , A2 ', '', '', ''),
(4, '19', 'Halima hossain', '', '', '', 'A4 ', '2', '12', '400'),
(5, '7', 'Felix mutua', '', '', '', 'A4 ', '2', '12', '400'),
(6, '7', 'Ian Benson', '01912751111', 'nairobi', 'mombasa', 'B4 ', '2', '12', '400');

-- --------------------------------------------------------

--
-- Table structure for table `users`
--

CREATE TABLE `users` (
  `id` int(11) NOT NULL,
  `username` varchar(64) CHARACTER SET utf8 NOT NULL,
  `name` varchar(128) CHARACTER SET utf8 NOT NULL,
  `email` varchar(64) CHARACTER SET utf8 NOT NULL,
  `mobile` varchar(128) CHARACTER SET utf8 NOT NULL,
  `password` varchar(80) CHARACTER SET utf8 NOT NULL
) ENGINE=InnoDB DEFAULT CHARSET=latin1;

--
-- Dumping data for table `users`
--

INSERT INTO `users` (`id`, `username`, `name`, `email`, `mobile`, `password`) VALUES
(6, 'shaon', 'MD Shamsuzzaman', 'shaoneel@gmail.com', '01717890623', '1cae40f6ac2301c2d790534d97076396'),
(7, 'Jenny', 'My Favorite TV Shows', 'shaon@gmail.com', '222222222222222', '87c81fd1827de2cb35ef86234225c958'),
(8, 'roby', 'shoun sk', 'dalimh2000@yahoo.co', '01827330946', 'd3c4fb694484de76fc00096d34a64bf1'),
(9, 'abir', 'Abir Khan', 'abirkhan75@gmail.com', '0171205898', 'eb0c91f34589b9413da81a7aa67f01f7'),
(10, 'rifat636', 'rifat636', 'rifat636@yahoo.com', '01912751111', '3e6e558ab7d8c5425c32d1f6a1276ed6'),
(11, 'mmamun', 'mmum', 'mn_apon@hotmail.com', '98789789789', 'f5bb0c8de146c67b44babbf4e6584cc0'),
(12, 'admin', 'nahid hossain', 'nahidhossain89@gmail.com', '', 'e10adc3949ba59abbe56e057f20f883e'),
(13, 'a', 'b', 'ab@yahoo.com', '016946956956', '25d55ad283aa400af464c76d713c07ad'),
(14, 'admin', 'Admin Ahmed', 'andmin@gmaili.com', '01245877', 'e10adc3949ba59abbe56e057f20f883e'),
(15, '21237', 'ali heydari', 'ali.heydari69@gmail.com', '09387811303', '4effc08cc893c51a48f840e0b6e8e2b8'),
(16, 'admin', 'admin', 'admin@admin.biz', '7868768', '21232f297a57a5a743894a0e4a801fc3'),
(17, 'abir', 'abir', 'hbbub', 'ubuun', '9ab209d66a9bf2250d7f56cc4b3b125d');

--
-- Indexes for dumped tables
--

--
-- Indexes for table `admins`
--
ALTER TABLE `admins`
  ADD PRIMARY KEY (`id`);

--
-- Indexes for table `bus_info`
--
ALTER TABLE `bus_info`
  ADD PRIMARY KEY (`id`);

--
-- Indexes for table `bus_route`
--
ALTER TABLE `bus_route`
  ADD PRIMARY KEY (`id`);

--
-- Indexes for table `bus_sch`
--
ALTER TABLE `bus_sch`
  ADD PRIMARY KEY (`id`);

--
-- Indexes for table `general_setting`
--
ALTER TABLE `general_setting`
  ADD PRIMARY KEY (`id`);

--
-- Indexes for table `menus`
--
ALTER TABLE `menus`
  ADD PRIMARY KEY (`id`);

--
-- Indexes for table `seat_details`
--
ALTER TABLE `seat_details`
  ADD PRIMARY KEY (`id`);

--
-- Indexes for table `sliders`
--
ALTER TABLE `sliders`
  ADD PRIMARY KEY (`id`);

--
-- Indexes for table `ticket_details`
--
ALTER TABLE `ticket_details`
  ADD PRIMARY KEY (`id`),
  ADD UNIQUE KEY `id` (`id`);

--
-- Indexes for table `users`
--
ALTER TABLE `users`
  ADD PRIMARY KEY (`id`),
  ADD UNIQUE KEY `email` (`email`);

--
-- AUTO_INCREMENT for dumped tables
--

--
-- AUTO_INCREMENT for table `admins`
--
ALTER TABLE `admins`
  MODIFY `id` int(11) NOT NULL AUTO_INCREMENT, AUTO_INCREMENT=2;

--
-- AUTO_INCREMENT for table `bus_info`
--
ALTER TABLE `bus_info`
  MODIFY `id` int(11) NOT NULL AUTO_INCREMENT, AUTO_INCREMENT=22;

--
-- AUTO_INCREMENT for table `bus_route`
--
ALTER TABLE `bus_route`
  MODIFY `id` int(11) NOT NULL AUTO_INCREMENT, AUTO_INCREMENT=4;

--
-- AUTO_INCREMENT for table `bus_sch`
--
ALTER TABLE `bus_sch`
  MODIFY `id` int(11) NOT NULL AUTO_INCREMENT, AUTO_INCREMENT=6;

--
-- AUTO_INCREMENT for table `general_setting`
--
ALTER TABLE `general_setting`
  MODIFY `id` int(11) NOT NULL AUTO_INCREMENT, AUTO_INCREMENT=2;

--
-- AUTO_INCREMENT for table `menus`
--
ALTER TABLE `menus`
  MODIFY `id` int(11) NOT NULL AUTO_INCREMENT, AUTO_INCREMENT=9;

--
-- AUTO_INCREMENT for table `seat_details`
--
ALTER TABLE `seat_details`
  MODIFY `id` int(11) NOT NULL AUTO_INCREMENT, AUTO_INCREMENT=845;

--
-- AUTO_INCREMENT for table `sliders`
--
ALTER TABLE `sliders`
  MODIFY `id` int(11) NOT NULL AUTO_INCREMENT, AUTO_INCREMENT=34;

--
-- AUTO_INCREMENT for table `ticket_details`
--
ALTER TABLE `ticket_details`
  MODIFY `id` int(11) NOT NULL AUTO_INCREMENT, AUTO_INCREMENT=7;

--
-- AUTO_INCREMENT for table `users`
--
ALTER TABLE `users`
  MODIFY `id` int(11) NOT NULL AUTO_INCREMENT, AUTO_INCREMENT=18;
COMMIT;

/*!40101 SET CHARACTER_SET_CLIENT=@OLD_CHARACTER_SET_CLIENT */;
/*!40101 SET CHARACTER_SET_RESULTS=@OLD_CHARACTER_SET_RESULTS */;
/*!40101 SET COLLATION_CONNECTION=@OLD_COLLATION_CONNECTION */;
